PRACTICAL NO. : 4  
Title: Write a PL/SQL block to create cursor to copy contents of one table into another .Avoid 
redundancy.  

mysql> create database practical4; 
Query OK, 1 row affected (0.01 sec) 
mysql> use practical4; Database 
changed  
mysql> create table o_rollcall(roll_no int,name varchar(20), address varchar(20)); Query 
OK, 0 rows affected (0.02 sec)  
mysql> create table n_rollcall(roll_no int,name varchar(20), address varchar(20)); Query 
OK, 0 rows affected (0.01 sec)  
mysql> insert into o_rollcall values('1','Vaishnavi','pimpalgaon'); Query 
OK, 1 row affected (0.01 sec)  
mysql> insert into o_rollcall values('2','Riya','Nashik'); Query 
OK, 1 row affected (0.01 sec)  
mysql> insert into o_rollcall values('3','Mariya','Nashik'); Query 
OK, 1 row affected (0.01 sec)  
mysql> insert into o_rollcall values('4','Ashwini','Nashik'); Query 
OK, 1 row affected (0.01 sec)  
mysql> insert into o_rollcall values('5','Pooja','Malegaon'); 
Query OK, 1 row affected (0.01 sec) mysql> delimiter //  
mysql> create procedure p3(in r1 int)  -> begin  -> declare r2 int;  -> declare exit_loop boolean;  -> declare c1 cursor for select roll_no from o_rollcall where roll_no>r1;  -> declare continue handler for not found set exit_loop=true;  -> open c1;  -> e_loop:loop  -> fetch c1 into r2;  
-> if not exists(select * from n_rollcall where roll_no=r2)  -> then  -> insert into n_rollcall select * from o_rollcall where roll_no=r2;  -> end if;  -> if exit_loop  -> then  -> close c1;  -> leave e_loop;  -> end if;  -> end loop e_loop;  -> end  -> //  
Query OK, 0 rows affected (0.01 sec) mysql> 
call p3(3);  -> //  
Query OK, 0 rows affected (0.02 sec) mysql> 
select * from n_rollcall;  -> //  
+---------+---------+----------+  
| roll_no | name    | address  |  
+---------+---------+----------+  
|      
|      
 4 | Ashwini | Nashik   |  
 5 | Pooja   | Malegaon |  
+---------+---------+----------+  
2 rows in set (0.00 sec)  
mysql> select * from n_rollcall;  -> //  
+---------+---------+----------+  
| roll_no | name    | address  |  
+---------+---------+----------+  
|      
 4 | Ashwini | Nashik   |  
|      
 5 | Pooja   | Malegaon |  
+---------+---------+----------+ 2 
rows in set (0.00 sec)  
mysql> insert into o_rollcall values('6','Naira','jaipur');  -> //  
Query OK, 1 row affected (0.01 sec) mysql> 
call p3(4);  -> //  
Query OK, 0 rows affected (0.00 sec) mysql> 
select * from n_rollcall;  -> //  
+---------+---------+----------+  
| roll_no | name    | address  |  
+---------+---------+----------+  
|      
|      
|      
 4 | Ashwini | Nashik   |  
 5 | Pooja   | Malegaon |  
 6 | Naira   | jaipur   |  
+---------+---------+----------+  
3 rows in set (0.00 sec) 